Date,AVGO,NVDA,SOFR,cash_credit_rate,margin_loan_rate,stock_borrow_rate,cal_days,MV_long,MV_short,Gross_Exposure,Cash,Equity,Contrib,Int_Cash,Borrow_Fee,Daily_ROE
2024-10-01,165.8434295654297,116.9664535522461,0.050499999999999996,0.0455,0.055499999999999994,0.005,1,1000000.0,1000000.0,2000000.0,1000000.0,1000000.0,0.0,0.0,0.0,
2024-10-02,169.00245666503906,118.81593322753906,0.0492,0.0442,0.0542,0.005,1,1015812.0522519463,1019048.2499541114,2034860.3022060576,1000112.5,996876.3022978348,0.0,126.3888888888889,-13.88888888888889,-0.0031236977021652274
2024-10-03,170.22052001953125,122.81478118896484,0.048499999999999995,0.0435,0.05349999999999999,0.005,1,1050000.0423976814,1026392.9084532992,2076392.9508509806,1000221.1381423618,1023828.272086744,0.0,122.79159027777779,-14.153447916029327,0.027036423402566553
2024-10-04,174.9243621826172,124.88418579101562,0.0483,0.043300000000000005,0.0533,0.005,1,1067692.3339838877,1054756.0590189365,2122448.393002824,1000327.7427394922,1013264.0177044435,0.0,120.86005419220206,-14.255457061851379,-0.010318385094766524
2024-10-07,173.37954711914062,127.68339538574219,0.0483,0.043300000000000005,0.0533,0.005,3,1091624.0640630273,1045441.1584074106,2137065.222470438,1000644.7461642049,1046827.6518198214,0.0,360.9515938385002,-43.94816912578902,0.033124273169609385
2024-10-08,178.9746551513672,132.85189819335938,0.0484,0.0434,0.053399999999999996,0.005,1,1135811.9713702155,1079178.4493383074,2214990.420708523,1000750.5814745296,1057384.1035064377,0.0,120.3553264136391,-14.520016088991817,0.010084230836150334
2024-10-09,184.1439666748047,132.61196899414062,0.0483,0.043300000000000005,0.0533,0.005,1,1133760.706311456,1110348.279442418,2244108.985753874,1000856.2389272776,1024268.6657963158,0.0,120.64604232220718,-14.98858957414316,-0.031318267033054896
2024-10-10,183.886474609375,134.7713623046875,0.0482,0.0432,0.0532,0.005,1,1152222.3527491016,1108795.6579963686,2261018.0107454704,1000961.1981876898,1044387.8929404225,0.0,120.38076429319759,-15.421503881144693,0.01964252916832626
2024-10-11,179.7173614501953,134.76136779785156,0.0481,0.0431,0.053099999999999994,0.005,1,1152136.905114054,1083656.8076354933,2235793.7127495473,1001065.9135917778,1069546.0110703383,0.0,120.11534378252279,-15.399939694394009,0.02408886420454794
2024-10-14,180.539306640625,138.0304412841797,0.048600000000000004,0.04360000000000001,0.0536,0.005,3,1180085.7176756652,1088612.9593056769,2268698.676981342,1001380.3107320913,1092853.0691020794,0.0,359.5495072983802,-45.152366984812225,0.02179154313185343
2024-10-15,174.27078247070312,131.56228637695312,0.048600000000000004,0.04360000000000001,0.0536,0.005,1,1124786.4869065848,1050815.1147582764,2175601.601664861,1001486.469389734,1075457.8415380423,0.0,121.2782820775533,-15.119624434801068,-0.01591726102606777
2024-10-16,175.10264587402344,135.6811065673828,0.048600000000000004,0.04360000000000001,0.0536,0.005,1,1160000.1748089022,1055831.071106382,2215831.2459152844,1001593.1658744329,1105762.269576953,0.0,121.29113907053446,-14.59465437164273,0.028178164562519273
2024-10-17,179.7668914794922,136.8907470703125,0.048499999999999995,0.0435,0.05349999999999999,0.005,1,1170341.9477377478,1083955.4629963157,2254297.4107340635,1001699.8056152012,1088086.2903566333,0.0,121.304061200348,-14.664320432033083,-0.015985334014952706
2024-10-18,178.142822265625,137.96043395996094,0.0484,0.0434,0.053399999999999996,0.005,1,1179487.1928671184,1074162.6770045953,2253649.8698717137,1001805.789404727,1107130.3052672502,0.0,121.03872651183681,-15.054936986059941,0.01750230205030431
2024-10-21,178.24185180664062,143.66880798339844,0.0482,0.0432,0.0532,0.005,3,1228290.707465325,1074759.8037118465,2303050.5111771715,1002123.3523870199,1155654.2561404984,0.0,362.3197605013763,-44.75677820852481,0.043828581552137244
2024-10-22,177.63778686523438,143.54884338378906,0.0483,0.043300000000000005,0.0533,0.005,1,1227265.0749359452,1071117.4228048117,2298382.4977407567,1002228.6799698103,1158376.332100944,0.0,120.25480228644241,-14.92721949599787,0.0023554414704760234
2024-10-23,171.8247833251953,139.51998901367188,0.0483,0.043300000000000005,0.0533,0.005,1,1192820.5462034605,1036066.2691035693,2228886.81530703,1002334.34917739,1159088.626277281,0.0,120.54583845192442,-14.876630872289052,0.0006149073980518839
2024-10-24,169.68577575683594,140.3697509765625,0.0483,0.043300000000000005,0.0533,0.005,1,1200085.5519985713,1023168.5162413404,2223254.0682399115,1002440.5179162063,1179357.5536734373,0.0,120.55854810939165,-14.389809293105131,0.017486952193858867
2024-10-25,171.31973266601562,141.49942016601562,0.0483,0.043300000000000005,0.0533,0.005,1,1209743.6133926318,1033020.922896589,2242764.5362892207,1002546.878560219,1179269.5690562613,0.0,120.57131784936594,-14.210673836685286,-7.46038526670283e-05
2024-10-28,170.34925842285156,140.47972106933594,0.0482,0.0432,0.0532,0.005,3,1201025.7368929035,1027169.1731727256,2228194.910065629,1002865.5883537787,1176722.1520739568,0.0,361.7523320138124,-43.042538454024545,-0.0021601651133448386
2024-10-29,177.49911499023438,141.20950317382812,0.0482,0.0432,0.0532,0.005,1,1207264.9797042299,1070281.2614002668,2277546.2411044966,1002971.6659858648,1139955.384289828,0.0,120.34387060245346,-14.266238516287856,-0.031245071505901344
2024-10-30,174.9243621826172,139.300048828125,0.0481,0.0431,0.053099999999999994,0.005,1,1190940.176414796,1054756.0590189365,2245696.235433732,1003077.1575682637,1139261.274964123,0.0,120.35659991830379,-14.865017519448152,-0.0006088916595076054
2024-10-31,168.12110900878906,132.72193908691406,0.049,0.044000000000000004,0.054,0.005,1,1134700.8912057881,1013733.914266774,2148434.805472562,1003182.5988049195,1124149.5757439337,0.0,120.09062636442269,-14.64938970859634,-0.013264471945353578
2024-11-01,167.27935791015625,135.36119079589844,0.048600000000000004,0.04360000000000001,0.0536,0.005,1,1157265.067760953,1008658.3372551401,2165923.405016093,1003291.130373742,1151897.860879555,0.0,122.61120652060129,-14.079637698149638,0.024683801634901057
2024-11-04,166.9129638671875,136.01100158691406,0.0482,0.0432,0.0532,0.005,3,1162820.5990374943,1006449.0604455081,2169269.6594830025,1003613.6320537254,1159985.170645712,0.0,364.5291107024596,-42.02743071896417,0.007020856658229751
2024-11-05,172.2109832763672,139.86988830566406,0.0482,0.0432,0.0532,0.005,1,1195811.9961565523,1038394.9712546516,2234206.967411204,1003720.087230399,1161137.1121322997,0.0,120.43363584644706,-13.97845917285428,0.0009930657009576368
2024-11-06,177.80612182617188,145.56825256347656,0.0481,0.0431,0.053099999999999994,0.005,1,1244529.9326653068,1072132.4461999417,2316662.3788652485,1003826.1114884882,1176223.5979538534,0.0,120.4464104676479,-14.422152378536827,0.01299285473172852
2024-11-07,182.0247344970703,148.83734130859375,0.0482,0.0432,0.0532,0.005,1,1272478.8756813225,1097569.7679072458,2370048.643588568,1003931.4010528608,1178840.5088269378,0.0,120.18029279209401,-14.890728419443635,0.0022248413291798266
2024-11-08,181.85638427734375,147.58766174316406,0.046,0.041,0.051,0.005,1,1261794.7903946682,1096554.6525049189,2358349.442899587,1004036.6287964329,1169276.7666861822,0.0,120.4717681263433,-15.244024554267304,-0.008112838054973516
2024-11-11,177.17234802246094,145.21835327148438,0.046,0.041,0.051,0.005,3,1241538.4827122148,1068310.927280732,2309849.409992947,1004333.9848674174,1177561.5402989,0.0,343.0458481721146,-45.689777187704955,0.007085382903995889
2024-11-12,174.50845336914062,148.24746704101562,0.046,0.041,0.051,0.005,1,1267435.7693062571,1052248.2188556788,2319683.988161936,1004433.5296972595,1219621.080147838,0.0,114.38248160990032,-14.837651767787944,0.0357174877147074
2024-11-13,171.89410400390625,146.2280731201172,0.045899999999999996,0.0409,0.050899999999999994,0.005,1,1250171.0420313003,1036484.2577986451,2286655.2998299454,1004533.3089573242,1218220.0931899794,0.0,114.39381865996567,-14.614558595217764,-0.0011487067423340427
2024-11-14,168.72518920898438,146.71792602539062,0.0458,0.0408,0.0508,0.005,1,1254359.019783867,1017376.3871810053,2271735.4069648725,1004633.0394880114,1241615.6720908731,0.0,114.12614537876267,-14.395614691647848,0.019204722555208407
2024-11-15,163.23898315429688,141.9392852783203,0.045700000000000005,0.04070000000000001,0.0507,0.005,1,1213504.2225155563,984295.7516136912,2197799.9741292475,1004732.7676715537,1233941.2385734187,0.0,113.85841114197463,-14.130227599736186,-0.006181005676684739
2024-11-18,164.06092834472656,140.10980224609375,0.045700000000000005,0.04070000000000001,0.0507,0.005,3,1197863.1307609072,989251.9032838749,2187115.034044782,1005032.5272122717,1213643.7546893037,0.0,340.77186370193533,-41.0123229839038,-0.016449311563313408
2024-11-19,163.74403381347656,146.9678497314453,0.045700000000000005,0.04070000000000001,0.0507,0.005,1,1256495.7324776743,987341.0978206715,2243836.8302983455,1005132.4121132193,1274287.0467702223,0.0,113.6245107153874,-13.739609767831595,0.04996795134206695
2024-11-20,161.6644287109375,145.84817504882812,0.045599999999999995,0.0406,0.05059999999999999,0.005,1,1246923.1187186611,974801.5289755965,2221724.6476942576,1005232.3348456746,1277353.924588739,0.0,113.63580325835564,-13.713070803064882,0.0024067401660323898
2024-11-21,162.3477325439453,146.62796020507812,0.045700000000000005,0.04070000000000001,0.0507,0.005,1,1253589.8606140346,978921.7032556287,2232511.5638696635,1005332.1638044241,1280000.32116283,0.0,113.36786887426219,-13.538910124661063,0.002071780203707605
2024-11-22,162.63490295410156,141.9093017578125,0.045700000000000005,0.04070000000000001,0.0507,0.005,1,1213247.8796104135,980653.2786994599,2193901.158309873,1005432.2260559535,1238026.826966907,0.0,113.65838629677798,-13.596134767439288,-0.032791784112828924
2024-11-25,163.2191925048828,135.9810028076172,0.0458,0.0408,0.0508,0.005,3,1162564.125677947,984176.4182794378,2146740.543957385,1005732.374599345,1184120.0819978542,0.0,341.0090966706443,-40.86055327914416,-0.043542469189557946
2024-11-26,163.1399688720703,136.88075256347656,0.0458,0.0408,0.0508,0.005,1,1170256.5001027002,983698.716913637,2153955.2170163374,1005832.6884848791,1192390.4716739424,0.0,113.98300245459244,-13.669116920547749,0.006984418051701636
2024-11-27,158.1191864013672,135.3011932373047,0.045700000000000005,0.04070000000000001,0.0507,0.005,1,1156752.1210418583,953424.484863206,2110176.6059050644,1005933.0203740613,1209260.6565527136,0.0,113.99437136161964,-13.66248217935607,0.014148205038143178
2024-11-29,160.5057830810547,138.2103729248047,0.045899999999999996,0.0409,0.050899999999999994,0.005,2,1181624.03601533,967815.1465007593,2149439.1825160896,1006133.9889935331,1219942.878508104,0.0,227.45263294013503,-26.484013468422393,0.008833680230565542
2024-12-02,164.89276123046875,138.59027099609375,0.0464,0.0414,0.051399999999999994,0.005,3,1184871.9593279692,994267.6756175868,2179139.634945556,1006436.5873636776,1197040.87107406,0.0,342.92400124862917,-40.32563110419831,-0.01877301621044046
2024-12-03,166.516845703125,140.2198028564453,0.0464,0.0414,0.051399999999999994,0.005,1,1198803.5765640489,1004060.553616504,2202864.1301805526,1006538.5182979519,1201281.541245497,0.0,115.74020754682293,-13.809273272466484,0.003542627719663483
2024-12-04,168.9034423828125,145.09840393066406,0.045899999999999996,0.0409,0.050899999999999994,0.005,1,1240512.9806372398,1018451.2152540572,2258964.195891297,1006640.3249420893,1228702.0903252717,0.0,115.75192960426446,-13.94528546689589,0.022826080430191936
2024-12-05,168.81431579589844,145.02841186523438,0.045899999999999996,0.0409,0.050899999999999994,0.005,1,1239914.5862830977,1017913.8012175312,2257828.387500629,1006740.5453121278,1228741.3303776942,0.0,114.3655258059207,-14.145155767417462,3.193618105762371e-05
2024-12-06,177.78631591796875,142.40899658203125,0.046,0.041,0.051,0.005,1,1217520.0004539813,1072013.0208584915,2289533.021312473,1006840.7845323978,1152347.7641278876,0.0,114.37691195351674,-14.137691683576822,-0.062172211808261206
2024-12-09,177.20205688476562,138.77975463867188,0.0463,0.0413,0.0513,0.005,3,1186491.942124947,1068490.0652929072,2254982.007417854,1007140.1212579106,1125141.9980899503,0.0,344.0039347152359,-44.66720920243714,-0.02360898930413333
2024-12-10,170.14129638671875,135.04058837890625,0.0464,0.0414,0.051399999999999994,0.005,1,1154524.0902647944,1025915.2070874984,2180439.2973522926,1007240.8224709148,1135849.7056482106,0.0,115.54135279986588,-14.840139795734824,0.009516761063437136
2024-12-11,181.420654296875,139.27964782714844,0.0462,0.0412,0.051199999999999996,0.005,1,1190765.7588757752,1093927.2949930143,2284693.053868789,1007342.4063431784,1104180.8702259392,0.0,115.83269458415519,-14.248822320659702,-0.02788118468912973
2024-12-12,178.90533447265625,137.31007385253906,0.0462,0.0412,0.051199999999999996,0.005,1,1173926.9652320095,1078760.4606432316,2252687.425875241,1007442.497650585,1102609.002239363,0.0,115.28474205927488,-15.193434652680756,-0.0014235602417695644
2024-12-13,222.61663818359375,134.22076416015625,0.046,0.041,0.051,0.005,1,1147515.0360116123,1342330.1650655114,2489845.2010771236,1190754.2094847485,995939.0804308495,183211.39842138556,115.29619695334473,-14.98278417560044,-0.2629049097560056
2024-12-16,247.57186889648438,131.9712371826172,0.04650000000000001,0.04150000000000001,0.051500000000000004,0.005,3,1128282.7954056829,1492804.8071920185,2621087.6025977014,1412958.052825416,1048436.0410390806,221852.93274263805,406.8410215739558,-55.930423544396305,-0.17004651736443804
2024-12-17,237.8967742919922,130.36160278320312,0.0462,0.0412,0.051199999999999996,0.005,1,1114521.2907132704,1434466.0799367726,2548987.370650043,1413100.202089739,1093155.4128662366,0.0,162.88266442292993,-20.73340009988915,0.042653409532579324
2024-12-18,221.44808959960938,128.88192749023438,0.045700000000000005,0.04070000000000001,0.0507,0.005,1,1101870.8661852856,1335284.0699199492,2437154.9361052345,1413242.0004173124,1179828.7966826486,0.0,161.72146757249237,-19.923139999121844,0.0792873390153699
2024-12-19,216.19956970214844,130.65151977539062,0.043,0.038,0.047999999999999994,0.005,1,1116999.9244016726,1303636.6304572343,2420636.554858907,1413383.229664722,1226746.5236091602,0.0,159.77485949162394,-18.545612082221517,0.039766555163284076
2024-12-20,218.64556884765625,134.670654296875,0.043,0.038,0.047999999999999994,0.005,1,1151361.3536783934,1318385.4761119415,2469746.829790335,1413514.3140524302,1246490.1916188821,0.0,149.1904520201651,-18.106064311906035,0.016094333776169895
2024-12-23,230.70980834960938,139.6395721435547,0.0431,0.0381,0.0481,0.005,3,1193842.917372724,1391130.2302066067,2584973.147579331,1413906.9941903756,1216619.6813564927,0.0,447.6128661166029,-54.93272817133089,-0.023963694590805433
2024-12-24,237.98805236816406,140.18946838378906,0.044000000000000004,0.03900000000000001,0.049,0.005,1,1198544.2332075993,1435016.4669880478,2633560.700195647,1414037.3114273967,1177565.0776469482,0.0,149.63849021848142,-19.321253197313982,-0.032100913956939994
2024-12-26,243.62796020507812,139.89952087402344,0.0453,0.0403,0.0503,0.005,2,1196065.3386103879,1469023.8910487578,2665089.2296591457,1414303.8246096785,1141345.2721713088,0.0,306.37475080926936,-39.861568527445776,-0.030758219790293966
2024-12-27,240.04344177246094,136.98016357421875,0.0446,0.0396,0.0496,0.005,1,1171106.4105490127,1447410.0204117966,2618516.4309608093,1414441.744956002,1138138.135093218,0.0,158.32345592158347,-20.403109597899416,-0.0028099622053802424
2024-12-30,233.9169921875,137.46005249023438,0.0437,0.038700000000000005,0.0487,0.005,3,1175209.2015753412,1410468.8548738284,2585678.0564491693,1414848.201980987,1179588.5486825,0.0,466.7657758354807,-60.30875085049153,0.036419492776144445
2024-12-31,230.20339965820312,134.26075744628906,0.0449,0.039900000000000005,0.0499,0.005,1,1147856.957006207,1388076.695359111,2535933.652365318,1414980.7083174936,1174760.9699645897,0.0,152.09618171295614,-19.58984520658095,-0.004092595442115993
2025-01-02,230.3424072265625,138.27987670898438,0.044000000000000004,0.03900000000000001,0.049,0.005,2,1182218.2558285233,1388914.8809219857,2571133.136750509,1415255.8046885217,1208559.179595059,0.0,313.65405701037776,-38.55768598219753,0.0287702864621797
2025-01-03,230.90838623046875,144.43853759765625,0.0431,0.0381,0.0481,0.005,1,1234871.4799080323,1392327.6118658,2627199.091773832,1415389.8335829056,1257933.7016251378,0.0,153.31937884125657,-19.290484457249804,0.04085403748836054
2025-01-06,234.7411346435547,149.39744567871094,0.042699999999999995,0.0377,0.04769999999999999,0.005,3,1277267.4655129104,1415438.2555803515,2692705.7210932616,1415781.2062045739,1277610.416137133,0.0,449.38627216257254,-58.01365049440834,0.01564209185792117
2025-01-07,227.02598571777344,140.10946655273438,0.042699999999999995,0.0377,0.04769999999999999,0.005,1,1197860.260764005,1368917.576732852,2566777.837496857,1415909.8110940072,1244852.49512516,0.0,148.2637540942012,-19.658864660838216,-0.025639992127660338
2025-01-08,227.69126892089844,140.07948303222656,0.0429,0.0379,0.0479,0.005,1,1197603.9178588623,1372929.0905134599,2570533.008372322,1416039.07557177,1240713.9029171723,0.0,148.2772218840113,-19.012744121289614,-0.0033245643352883265
2025-01-10,222.72654724121094,135.8804168701172,0.043,0.038,0.047999999999999994,0.005,2,1161704.1702424763,1342992.892904083,2504697.0631465595,1416299.0935468345,1235010.370885228,0.0,298.1548942453894,-38.136919180929446,-0.0045969759978783855
2025-01-13,223.69964599609375,133.20098876953125,0.0429,0.0379,0.0479,0.005,3,1138796.5072398607,1348860.4678657965,2487656.9751056572,1416691.6302225867,1206627.6695966509,0.0,448.49471295649755,-55.95803720433679,-0.02298175137447071
2025-01-14,223.11378479003906,131.73129272460938,0.042800000000000005,0.03780000000000001,0.0478,0.005,1,1126231.3998925185,1345327.8515445478,2471559.251437066,1416822.0421960482,1197725.590544019,0.0,149.14614662621122,-18.734173164802733,-0.007377652010588938
2025-01-15,226.39051818847656,136.21034240722656,0.042800000000000005,0.03780000000000001,0.0478,0.005,1,1164524.8553798776,1365085.845014797,2529610.7003946747,1416952.1234014295,1216391.13376651,0.0,148.76631443058508,-18.68510904922983,0.01558415664644277
2025-01-16,227.79054260253906,133.54090881347656,0.0429,0.0379,0.0479,0.005,1,1141702.6400123097,1373527.6893358598,2515230.3293481693,1417081.9438487615,1185256.8945252113,0.0,148.77997295715014,-18.959525625205515,-0.02559558219147219
2025-01-17,235.7638702392578,137.6800079345703,0.0429,0.0379,0.0479,0.005,1,1177089.7018184105,1421605.129953265,2598694.8317716755,1417212.054313276,1172696.6261784213,0.0,149.18723797741129,-19.076773462998055,-0.010597085243550823
2025-01-21,238.6136016845703,140.79933166503906,0.0429,0.0379,0.0479,0.005,4,1203758.2348527596,1438788.394028181,2642546.6288809404,1417729.8799933726,1182699.7208179513,0.0,596.8037428719241,-78.97806277518139,0.008529993534754152
2025-01-22,239.20936584472656,147.03799438476562,0.043,0.038,0.047999999999999994,0.005,1,1257095.4313758628,1442380.7230201547,2699476.1543960175,1417859.152272488,1232573.8606281963,0.0,149.25545125485786,-19.983172139280292,0.04216974007210573
2025-01-23,238.5838165283203,147.1879425048828,0.0435,0.0385,0.048499999999999995,0.005,1,1258377.4068103852,1438608.7959800216,2696986.2027904065,1417988.782117408,1237757.3929477714,0.0,149.6629105176515,-20.03306559750215,0.0042054537136892
2025-01-24,242.97262573242188,142.58892822265625,0.0434,0.038400000000000004,0.0484,0.005,1,1219058.3187936463,1465072.3659604655,2684130.684754112,1418120.4474622179,1172106.4002953984,0.0,151.6460225320006,-19.980677721944744,-0.053040275118876344
2025-01-27,200.70314025878906,118.39421081542969,0.0434,0.038400000000000004,0.0484,0.005,3,1012206.553416154,1210196.5135712915,2222403.0669874456,1418513.2013234908,1220523.2411683535,0.0,453.7985431879098,-61.044681915019396,0.041307547557758284
2025-01-28,205.89622497558594,128.9619140625,0.0435,0.0385,0.048499999999999995,0.005,1,1102554.7081744752,1241509.6908880214,2344064.3990624966,1418647.701113388,1279692.718399842,0.0,151.30807480783903,-16.808284910712384,0.04847877962147465
2025-01-29,204.89332580566406,123.67305755615234,0.0435,0.0385,0.048499999999999995,0.005,1,1057337.8417505885,1235462.4258709517,2292800.2676215405,1418782.1744134948,1240657.5902931313,0.0,151.71649025795955,-17.24319015122252,-0.03050351662195998
2025-01-30,214.1376190185547,124.62285614013672,0.0436,0.0386,0.0486,0.005,1,1065458.1066226026,1291203.5139388603,2356661.620561463,1418916.7460845658,1193171.3387683078,0.0,151.7308714303321,-17.159200359318778,-0.03827506630060907
2025-01-31,219.70802307128906,120.04385375976562,0.0438,0.0388,0.048799999999999996,0.005,1,1026310.1095575659,1324791.845218133,2351101.954775699,1419050.9521090912,1120569.2164485243,0.0,152.1394066635118,-17.93338213803973,-0.06084802740462203
2025-02-03,216.1929931640625,116.63459777832031,0.0435,0.0385,0.048499999999999995,0.005,3,997162.81238041,1303596.9753554123,2300759.7877358226,1419454.578923389,1113020.4159483868,0.0,458.8264745152728,-55.199660217422206,-0.00673657672308926
2025-02-04,220.8598175048828,118.62416076660156,0.0433,0.0383,0.048299999999999996,0.005,1,1014172.5012942707,1331736.9164616056,2345909.417755876,1419588.2761911997,1102023.8610238647,0.0,151.80278135708465,-18.10551354660295,-0.009879922027442842
2025-02-05,230.36227416992188,124.80281066894531,0.0433,0.0383,0.048299999999999996,0.005,1,1066996.6206438746,1389034.674292223,2456031.2949360977,1419720.8082645212,1097682.7546161725,0.0,151.02841938367487,-18.496346061966747,-0.003939212716917917
2025-02-06,229.72679138183594,128.65194702148438,0.0436,0.0386,0.0486,0.005,1,1099904.6573983596,1385202.8505669713,2485107.507965331,1419852.5586355908,1134554.365466979,0.0,151.04251932369766,-19.292148254058656,0.03359040733376512
2025-02-07,223.28260803222656,129.81170654296875,0.0435,0.0385,0.048499999999999995,0.005,1,1109819.9748783952,1346345.8191699756,2456165.794048371,1419985.5594536755,1183459.715162095,0.0,152.23974656481613,-19.238928480096824,0.04310533825762199
2025-02-10,233.3808135986328,133.54090881347656,0.0435,0.0385,0.048499999999999995,0.005,3,1141702.6400123097,1407235.8139853699,2548938.4539976795,1420385.040411535,1154851.8664384747,0.0,455.5787003247209,-56.09774246541565,-0.024173065087983874
2025-02-11,233.3808135986328,132.77108764648438,0.0434,0.038400000000000004,0.0484,0.005,1,1135121.0848431746,1407235.8139853699,2542356.8988285447,1420517.397758718,1148402.6686165228,0.0,151.90228904401138,-19.544941860907915,-0.005584437285312662
2025-02-12,234.68157958984375,131.11143493652344,0.0432,0.038200000000000005,0.0482,0.005,1,1120931.9506123106,1415079.1514912297,2536011.10210354,1420649.374672618,1126502.173793699,0.0,151.52185576092995,-19.544941860907915,-0.01907039701432196
2025-02-13,234.1354522705078,135.26052856445312,0.0433,0.0383,0.048299999999999996,0.005,1,1156404.4600534588,1411786.1219104559,2568190.5819639144,1420780.4674791598,1165398.805622163,0.0,150.74668364581672,-19.653877104044856,0.034528678890581005
2025-02-14,231.39492797851562,138.81976318359375,0.0433,0.0383,0.048299999999999996,0.005,1,1186833.9935739464,1395261.3533430586,2582095.3469170053,1420912.014593868,1212484.6548247559,0.0,151.15525529014394,-19.608140582089668,0.040403207018438185
2025-02-18,226.916748046875,139.36964416503906,0.0437,0.038700000000000005,0.0487,0.005,4,1191535.1789544171,1368258.8972109398,2559794.0761653567,1421439.177076004,1244715.4588194815,0.0,604.6770017660573,-77.51451963016993,0.026582442809871362
2025-02-19,227.1153564453125,139.19967651367188,0.0435,0.0385,0.048499999999999995,0.005,1,1190082.0473409903,1369456.462884527,2559538.510225517,1421572.978191745,1242198.5626482086,0.0,152.80471153567044,-19.00359579459639,-0.002022065487689894
2025-02-20,225.139404296875,140.07948303222656,0.0433,0.0383,0.048299999999999996,0.005,1,1197603.9178588623,1357541.8989273342,2555145.8167861965,1421705.987295484,1261768.0062270123,0.0,152.02933238995053,-19.020228651173987,0.015753877171685117
2025-02-21,217.116455078125,134.4007110595703,0.0434,0.038400000000000004,0.0484,0.005,1,1149053.484805682,1309165.2509059259,2458218.735711608,1421838.3862672027,1261726.6201669588,0.0,151.25372031504733,-18.85474859621298,-3.280005504120909e-05
2025-02-24,206.46217346191406,130.2516326904297,0.0434,0.038400000000000004,0.0484,0.005,3,1113581.1058189382,1244922.237817442,2358503.3436363805,1422238.8259986872,1290897.6940001836,0.0,454.9882836055049,-54.54855212108024,0.023119963839206902
2025-02-25,201.1102294921875,126.60242462158203,0.0433,0.0383,0.048299999999999996,0.005,1,1082382.3479014158,1212651.173574797,2295033.521476213,1422373.240886824,1292104.4152134426,0.0,151.70547477319332,-17.290586636353364,0.0009347922913392888
2025-02-26,211.4368133544922,131.2514190673828,0.0433,0.0383,0.048299999999999996,0.005,1,1122128.7393205948,1274918.240104741,2397046.979425336,1422507.7232180964,1269718.2224339503,0.0,151.32470868323713,-16.842377410761074,-0.017325374417046922
2025-02-27,196.40370178222656,120.12384033203125,0.0436,0.0386,0.0486,0.005,1,1026993.9515467555,1184271.8297425224,2211265.781289278,1422641.355036426,1265363.476840659,0.0,151.33901610903638,-17.707197779232516,-0.00342969449154123
2025-02-28,198.02218627929688,124.89279174804688,0.043899999999999995,0.0389,0.04889999999999999,0.005,1,1067765.9102681119,1194030.941100213,2261796.851368325,1422777.4455840806,1296512.4147519793,0.0,152.53876751223902,-16.448219857535033,0.024616593161905113
2025-03-03,186.04733276367188,114.03515625,0.0433,0.0383,0.048299999999999996,0.005,3,974938.9913669841,1121825.1651644192,2096764.1565314033,1423188.9113168116,1276302.7375193762,0.0,461.2170219435061,-49.75128921250887,-0.015587723652047832
2025-03-04,186.1565399169922,115.96473693847656,0.0433,0.0383,0.048299999999999996,0.005,1,991435.8640161549,1122483.6606719377,2113919.5246880925,1423324.7418986938,1292276.945242911,0.0,151.411486953983,-15.580905071728045,0.012516002084726694
2025-03-05,190.2276153564453,117.27445983886719,0.0434,0.038400000000000004,0.0484,0.005,1,1002633.2873851177,1147031.3647933542,2149664.652178472,1423460.5777856698,1279062.5003774334,0.0,151.4259378186666,-15.590050842665804,-0.010225706582572979
2025-03-06,178.18324279785156,110.5459213256836,0.0435,0.0385,0.048499999999999995,0.005,1,945107.9174278409,1074406.4040689263,2019514.3214967672,1423596.482589456,1294297.9959483705,0.0,151.8357949638048,-15.930991177685476,0.01191145512157646
2025-03-07,193.583740234375,112.66545867919922,0.0434,0.038400000000000004,0.0484,0.005,1,963228.8169605337,1167268.071708569,2130496.888669103,1423733.8060132319,1219694.5512651966,0.0,152.24573494359458,-14.922311167623977,-0.057640083594898674
2025-03-10,183.14793395996094,106.95669555664062,0.0433,0.0383,0.048299999999999996,0.005,3,914421.9757750084,1104342.4176639097,2018764.393438918,1424140.7646615016,1234220.3227726005,0.0,455.59481792423423,-48.636169654523705,0.011909351806430669
2025-03-11,188.74810791015625,108.73631286621094,0.0432,0.038200000000000005,0.0482,0.005,1,929636.7425352522,1138110.2549841448,2067746.9975193972,1424276.939325941,1215803.4268770486,0.0,151.51275357370977,-15.338089134220969,-0.014921886761821795
2025-03-12,192.85890197753906,115.7254409790039,0.0431,0.0381,0.0481,0.005,1,989390.0128151884,1162897.4538388392,2152287.466654028,1424412.2638476281,1250904.822823977,0.0,151.1316085618082,-15.807086874779792,0.02887094670977454
2025-03-13,190.0091552734375,115.56546020507812,0.043,0.038,0.047999999999999994,0.005,1,988022.2636096068,1145714.0977567267,2133736.3613663334,1424546.8627920265,1266855.0286449064,0.0,150.750297923874,-16.151353525539434,0.012750934787285343
2025-03-14,194.15965270996094,121.65469360351562,0.043,0.038,0.047999999999999994,0.005,1,1040081.9201479458,1170740.6993375022,2210822.619485448,1424681.3189317412,1294022.5397421846,0.0,150.36883551693614,-15.91269580217676,0.021444846081826733
2025-03-17,193.1269989013672,119.51496124267578,0.0432,0.038200000000000005,0.0482,0.005,3,1021788.364210695,1164514.020286667,2186302.384497362,1425083.6871535971,1282358.0310776255,0.0,451.1490843283847,-48.78086247239593,-0.009014146435875139
2025-03-18,187.33815002441406,115.41547393798828,0.0431,0.0381,0.0481,0.005,1,986739.9620390728,1129608.5139779635,2116348.4760170365,1425218.73056123,1282350.1786223394,0.0,151.2172134701873,-16.17380583731482,-6.1234500005256e-06
2025-03-19,194.18943786621094,117.50520324707031,0.0429,0.0379,0.0479,0.005,1,1004606.0188922765,1170920.2973856616,2175526.316277938,1425353.877203076,1259039.5987096906,0.0,150.83564898439687,-15.689007138582825,-0.01817801432186948
2025-03-20,189.76744079589844,118.51508331298828,0.0429,0.0379,0.0479,0.005,1,1013239.9479826107,1144256.6117521713,2157496.559734782,1425487.6725099068,1294471.0087403462,0.0,150.0580887388794,-16.26278190813419,0.028141616885574493
2025-03-21,190.88290405273438,117.68518829345703,0.043,0.038,0.047999999999999994,0.005,1,1006144.7938223578,1150982.6138600563,2157127.407682414,1425621.8522313773,1280784.032193679,0.0,150.07217441145966,-15.89245294100238,-0.010573412965027408
2025-03-24,190.47454833984375,121.39472961425781,0.0431,0.0381,0.0481,0.005,3,1037859.3684558771,1148520.317259216,2186379.6857150933,1426025.34154234,1315364.392739001,0.0,451.44691987326945,-47.95760891083568,0.026999368883522164
2025-03-25,187.49668884277344,120.67481994628906,0.0433,0.0383,0.048299999999999996,0.005,1,1031704.529644361,1130564.4687527458,2162268.998397107,1426160.31088658,1327300.3717781955,0.0,150.92101531323098,-15.951671073044668,0.009074275619047341
2025-03-26,178.5431365966797,113.74568939208984,0.0435,0.0385,0.048499999999999995,0.005,1,972464.2060835194,1076576.4858127204,2049040.6918962398,1426296.3362131445,1322184.0564839435,0.0,151.7276108526556,-15.702284288232581,-0.0038546778129788656
2025-03-27,171.2926483154297,111.41597747802734,0.0436,0.0386,0.0486,0.005,1,952546.4275811398,1032857.6101222638,1985404.0377034037,1426433.918231242,1346122.7356901183,0.0,152.5344692894613,-14.95245119184334,0.018105406042963814
2025-03-28,168.4342803955078,109.65619659423828,0.0434,0.038400000000000004,0.0484,0.005,1,937501.2515469446,1015622.2699739573,1953123.521520902,1426572.518401223,1348451.4999742103,0.0,152.94541456590542,-14.345244585031441,0.0017299791633770389
2025-03-31,166.75112915039062,108.36636352539062,0.0441,0.0391,0.0491,0.005,3,926473.8754944466,1005473.2321162161,1931947.1076106627,1426986.7040125292,1347987.3473907595,0.0,456.5032058883914,-42.317594582248226,-0.00034421155188722367
2025-04-01,167.8367156982422,110.13614654541016,0.043899999999999995,0.0389,0.04889999999999999,0.005,1,941604.5643908917,1012019.0841327609,1953623.6485236525,1427127.7257179911,1356713.205976122,0.0,154.98661146358307,-13.964906001614112,0.0064732496208164125
2025-04-02,171.39224243164062,110.4061050415039,0.0437,0.038700000000000005,0.0487,0.005,1,943912.5637180079,1033458.1410957965,1977370.7048138045,1427267.8789766293,1337722.3015988404,0.0,154.20907925119403,-14.055820612955012,-0.013997729434363523
2025-04-03,153.3855438232422,101.78720092773438,0.043899999999999995,0.0389,0.04889999999999999,0.005,1,870225.5889315178,924881.6442422126,1795107.2331737303,1427406.9566883263,1372750.9013776314,0.0,153.4312969899877,-14.353585292997174,0.02618525514370577
2025-04-04,145.69683837890625,94.29813385009766,0.0435,0.0385,0.048499999999999995,0.005,1,806198.1105375394,878520.4138667727,1684718.524404312,1427548.350361643,1355226.0470324093,0.0,154.2392517088219,-12.845578392252955,-0.012766230441105407
2025-04-07,153.5150146484375,97.6277084350586,0.0433,0.0383,0.048299999999999996,0.005,3,834664.1748135986,925662.3253070855,1760326.500120684,1427969.7504401396,1336971.5999466525,0.0,458.00509574102705,-36.60501724444886,-0.013469669599200276
2025-04-08,155.39735412597656,96.28788757324219,0.044000000000000004,0.03900000000000001,0.049,0.005,1,823209.4301314582,937012.4251118923,1760221.8552433504,1428108.814134071,1314305.8191536372,0.0,151.9201151162704,-12.856421184820633,-0.016953075737674444
2025-04-09,184.3992919921875,114.31561279296875,0.044199999999999996,0.0392,0.049199999999999994,0.005,1,977336.7433245013,1111887.8358665216,2089224.579191023,1428250.511860809,1293699.4193187887,0.0,154.71178819785771,-13.014061459887394,-0.015678542645514732
2025-04-10,171.60140991210938,107.55646514892578,0.0437,0.038700000000000005,0.0487,0.005,1,919549.6818314911,1034719.3757495711,1954269.0575810622,1428390.5895854912,1313220.895667411,0.0,155.5206112915103,-15.442886609257243,0.01508965379214708
2025-04-11,181.2023162841797,110.9160385131836,0.0433,0.0383,0.048299999999999996,0.005,1,948272.2194670977,1092610.7640139612,2040882.9834810589,1428529.7704714308,1284191.225924567,0.0,153.55198838044032,-14.371102440966267,-0.022105701971860757
2025-04-14,177.63682556152344,110.6960678100586,0.0433,0.0383,0.048299999999999996,0.005,3,946391.5887696238,1071111.6263514133,2017503.215121037,1428940.1841080056,1304220.146526216,0.0,455.939085075465,-45.52544850058171,0.01559652503249969
2025-04-15,178.22442626953125,112.18588256835938,0.0436,0.0386,0.0486,0.005,1,959128.7002495006,1074654.7314930975,2033783.431742598,1429077.3309161155,1313551.2996725186,0.0,152.02335847593505,-14.876550365991854,0.007154584424382679
2025-04-16,173.9020233154297,104.47685241699219,0.0431,0.0381,0.0481,0.005,1,893220.6563852506,1048591.5768331399,1941812.2332183905,1429215.634003104,1273844.7135552147,0.0,153.22884714822797,-14.925760159626353,-0.03022842436926763
2025-04-17,170.2967071533203,101.47722625732422,0.0432,0.038200000000000005,0.0482,0.005,1,867575.4729281998,1026852.3003869363,1894427.773315136,1429352.328885802,1270075.5014270656,0.0,151.25865459866185,-14.563771900460276,-0.0029589259099168344
2025-04-21,165.53610229492188,96.89781188964844,0.0432,0.038200000000000005,0.0482,0.005,4,828423.9535942373,998146.8830491921,1826570.8366434295,1429901.9621909298,1260179.0327359752,0.0,606.6806551493072,-57.04735002149646,-0.007792031796511794
2025-04-22,168.89242553710938,98.87755584716797,0.043,0.038,0.047999999999999994,0.005,1,845349.6950987041,1018384.7860579655,1863734.4811566696,1430039.8275257642,1257004.736566503,0.0,151.7284859880376,-13.863151153461002,-0.002518924761492376
2025-04-23,176.1927032470703,102.69707489013672,0.042800000000000005,0.03780000000000001,0.0478,0.005,1,878004.519853758,1062403.88123159,1940408.4010853479,1430176.6319410857,1245777.270563254,0.0,150.9486484610529,-14.144233139693966,-0.008931920204148862
2025-04-24,187.38711547851562,106.4166030883789,0.0429,0.0379,0.0479,0.005,1,909804.4768951226,1129903.765072504,2039708.2419676266,1430312.0448779778,1210212.7567005963,0.0,150.16854635381404,-14.755609461549861,-0.028548051648572614
2025-04-25,191.53025817871094,110.99604034423828,0.0433,0.0383,0.048299999999999996,0.005,1,948956.1919106919,1154886.0191844206,2103842.2110951124,1430446.931843743,1224517.1045700142,0.0,150.58007361354268,-15.693107848229223,0.011819696817951097
2025-04-28,191.6896209716797,108.71631622314453,0.0436,0.0386,0.0486,0.005,3,929465.7820379548,1155846.9423478304,2085312.7243857852,1430855.3625720236,1204474.202262148,0.0,456.55097908012795,-48.120250799350856,-0.016368005177766914
2025-04-29,190.39488220214844,109.00627899169922,0.0436,0.0386,0.0486,0.005,1,931944.8070895707,1148039.9476847078,2079984.7547742785,1430992.7286339223,1214897.5880387852,0.0,153.4194916535559,-16.05342975483098,0.008653888773259523
2025-04-30,191.6896209716797,108.90629577636719,0.0441,0.0391,0.0491,0.005,1,931090.0046030836,1155846.9423478304,2086936.9469509139,1431130.217854997,1206373.28011025,0.0,153.43422034797058,-15.94499927339872,-0.007016482716288857
2025-05-01,196.5299072265625,111.59595489501953,0.043899999999999995,0.0389,0.04889999999999999,0.005,1,954085.1372840189,1185032.8212672796,2139117.9585512984,1431269.601068348,1200321.9170850872,0.0,155.43664310591774,-16.05342975483098,-0.005016161353150828
2025-05-02,202.8143310546875,114.485595703125,0.0436,0.0386,0.0486,0.005,1,978790.0053923328,1222926.5373137486,2201716.5427060816,1431407.798911057,1187271.2669896414,0.0,154.6566318932187,-16.458789184267772,-0.010872625009746183
2025-05-05,199.90615844726562,113.80567932128906,0.0433,0.0383,0.048299999999999996,0.005,3,972977.0875754115,1205390.8856750776,2178367.973250489,1431817.279813985,1199403.4817143192,0.0,460.43617531639,-50.95527238807286,0.01021857014651707
2025-05-06,199.27871704101562,113.52571868896484,0.0432,0.038200000000000005,0.0482,0.005,1,970583.5753860455,1201607.5497425408,2172191.1251285863,1431952.8677233977,1200928.8933669026,0.0,152.32944949132118,-16.74154007882052,0.0012718085913867034
2025-05-07,203.97958374023438,117.04527282714844,0.043,0.038,0.047999999999999994,0.005,1,1000673.8622272337,1229952.7589048014,2230626.6211320353,1432088.1248395042,1202809.2281619364,0.0,151.94610985287167,-16.68899374642418,0.0015657336628500287
2025-05-08,206.92758178710938,117.35523986816406,0.0429,0.0379,0.0479,0.005,1,1003323.9130033493,1247728.5493271283,2251052.462330478,1432222.2070199193,1187817.5706961404,0.0,151.16485762194768,-17.082677207011134,-0.012463869676744475
2025-05-09,207.3558349609375,116.63532257080078,0.042800000000000005,0.03780000000000001,0.0478,0.005,1,997169.008964631,1250310.8233125994,2247479.8322772305,1432355.6586279732,1179213.8442800047,0.0,150.78117123904153,-17.329563185099005,-0.00724330623522711
2025-05-12,220.6815948486328,122.98452758789062,0.042800000000000005,0.03780000000000001,0.0478,0.005,3,1051451.2824222408,1330662.2724029473,2382113.554825188,1432754.7543761362,1153543.7643954298,0.0,451.1920324678116,-52.09628430469164,-0.021768808099644064
2025-05-13,231.47763061523438,129.9136505126953,0.043,0.038,0.047999999999999994,0.005,1,1110691.5407558803,1395760.0323497304,2506451.573105611,1432886.7122048957,1147818.2206110456,0.0,150.43924920949433,-18.481420450040936,-0.004963438719106507
2025-05-14,231.17884826660156,135.32296752929688,0.0429,0.0379,0.0479,0.005,1,1156938.2794772978,1393958.4394291323,2550896.71890643,1433018.5758018456,1195998.4158500112,0.0,151.2491529549612,-19.385556004857367,0.041975457763091306
2025-05-15,231.69674682617188,134.8130340576172,0.0431,0.0381,0.0481,0.005,1,1152578.6237282082,1397081.2556958206,2549659.879424029,1433150.0802791393,1188647.448311527,0.0,150.86501117469433,-19.360533880960173,-0.006146302069522152
2025-05-16,227.68307495117188,135.38296508789062,0.043,0.038,0.047999999999999994,0.005,1,1157451.2261963924,1372879.6826487768,2530330.9088451695,1433282.3514229732,1217853.8949705886,0.0,151.6750501628756,-19.40390632910862,0.024571160019355894
2025-05-19,229.6949005126953,135.55294799804688,0.0429,0.0379,0.0479,0.005,3,1158904.4882642238,1385010.5555256533,2543915.043789877,1433679.02084748,1207572.9535860505,0.0,453.8727446172748,-57.2033201103657,-0.00844185121630404
2025-05-20,230.74063110351562,134.36309814453125,0.042699999999999995,0.0377,0.04769999999999999,0.005,1,1148731.9146982129,1391316.0847441487,2540047.9994423613,1433810.7191311258,1191226.5490851898,0.0,150.93454136144305,-19.236257715634075,-0.013536577191728145
2025-05-21,228.7985382080078,131.78341674804688,0.0426,0.0376,0.047599999999999996,0.005,1,1126677.0321388124,1379605.6847566618,2506282.716895474,1433941.547141369,1181012.8945235196,0.0,150.151844753454,-19.3238345103354,-0.00857406558770362
2025-05-22,229.59530639648438,132.81329345703125,0.0426,0.0376,0.047599999999999996,0.005,1,1135481.921726444,1384410.0245521206,2519891.9462785646,1434072.1531795599,1185144.050353883,0.0,149.76722825698744,-19.161190066064748,0.0034979769056884243
2025-05-23,227.79263305664062,131.2734832763672,0.0426,0.0376,0.047599999999999996,0.005,1,1122317.3763897226,1373540.2943218218,2495857.6707115443,1434202.7061318844,1182979.7881997854,0.0,149.78086933208738,-19.227917007668342,-0.001826159573978726
2025-05-27,234.6945343017578,135.48294067382812,0.0431,0.0381,0.0481,0.005,4,1158305.9634556773,1415157.2656013153,2573463.2290569926,1434725.576357206,1177874.274211568,0.0,599.1780194506539,-76.3077941289901,-0.004315808299638593
2025-05-28,238.45919799804688,134.7930450439453,0.0433,0.0383,0.048299999999999996,0.005,1,1152407.728458113,1437857.373203732,2590265.101661845,1434857.7631853481,1149408.1184397293,0.0,151.84179016447098,-19.654962022240493,-0.024167397484670495
2025-05-29,240.98890686035156,139.17250061035156,0.0433,0.0383,0.048299999999999996,0.005,1,1189849.7080463038,1453110.9703401001,2642960.678386404,1434990.4458671925,1171729.183573396,0.0,152.65292313888565,-19.97024129449628,0.019419616736278563
2025-05-30,241.08851623535156,135.11300659179688,0.0435,0.0385,0.048499999999999995,0.005,1,1155143.2268692763,1453711.5933208296,2608854.8201901056,1435122.930809484,1136554.564357931,0.0,152.66703910198189,-20.18209681027917,-0.030019410379618333
2025-06-02,247.70159912109375,137.3627166748047,0.0435,0.0385,0.048499999999999995,0.005,3,1174377.0329280614,1493587.052379237,2667964.085307298,1435522.7947667304,1116312.7753155548,0.0,460.43527363470946,-60.5713163883679,-0.01780978201764675
2025-06-03,255.80859375,141.2022247314453,0.0432,0.038200000000000005,0.0482,0.005,1,1207202.7529532104,1542470.476040636,2749673.228993846,1435655.5716898877,1100387.8486024619,0.0,153.52118777366422,-20.744264616378295,-0.014265649435563754
2025-06-04,260.02142333984375,141.9021453857422,0.042800000000000005,0.03780000000000001,0.0478,0.005,1,1213186.6964946315,1567872.9270203516,2781059.623514983,1467111.0799317134,1112424.8494059932,31324.592434996972,152.33900788487145,-21.423201056119943,-0.017527994021345868
2025-06-05,258.8760986328125,139.97239685058594,0.0429,0.0379,0.0479,0.005,1,1196688.3888470093,1560966.8668283233,2757655.2556753326,1467341.5802514472,1103063.102270133,98.22966921632178,154.04666339282994,-21.776012875282664,-0.00850392438655776
2025-06-06,245.92880249023438,141.70216369628906,0.0429,0.0379,0.0479,0.005,1,1211476.9610672528,1482897.4722402787,2694374.4333075313,1467474.3786168844,1196053.8674438584,0.0,154.47846080980514,-21.680095372615604,0.08430230780301495
2025-06-09,243.28955078125,142.612060546875,0.0429,0.0379,0.0479,0.005,3,1219256.0876711,1466983.3554380625,2686239.443109162,1467876.0685467876,1220148.800779825,0.0,463.47732457983267,-61.787394676678275,0.020145357990824484
2025-06-10,243.6381378173828,143.94189453125,0.042800000000000005,0.03780000000000001,0.0478,0.005,1,1230625.449945395,1469085.2598490254,2699710.7097944207,1468010.228508512,1229550.418604882,0.0,154.53473054978684,-20.374768825528644,0.007705304319479806
2025-06-11,251.8845672607422,142.8219451904297,0.042800000000000005,0.03780000000000001,0.0478,0.005,1,1221050.4880070982,1518809.4452748094,2739859.933281908,1468143.9656205631,1170385.008352852,0.0,154.1410739933938,-20.403961942347575,-0.04811954789065296
2025-06-12,255.03175354003906,144.9918212890625,0.042800000000000005,0.03780000000000001,0.0478,0.005,1,1239601.7566207403,1537786.2976442017,2777388.054264942,1468277.0261613245,1170092.485137863,0.0,154.15511639015915,-21.0945756288168,-0.0002499375956639776
2025-06-13,247.69161987304688,141.9619903564453,0.042800000000000005,0.03780000000000001,0.0478,0.005,1,1213698.3386696794,1493526.879672528,2707225.2183422074,1468409.8371060486,1188581.2961032002,0.0,154.16908774693908,-21.358143022836135,0.015801153498698605
2025-06-16,251.07785034179688,144.6818389892578,0.0432,0.038200000000000005,0.0482,0.005,3,1236951.5753902202,1513945.116787035,2750896.692177255,1468810.155918084,1191816.6145212692,0.0,462.54909868840537,-62.230286653022,0.002722000109438146
2025-06-17,248.35890197753906,144.1118621826172,0.0431,0.0381,0.0481,0.005,1,1232078.5815588217,1497550.446395917,2729629.0279547386,1468944.985980229,1203473.1211431336,0.0,155.85707765575228,-21.027015510931044,0.009780453200467084
2025-06-18,250.24122619628906,145.47178649902344,0.042800000000000005,0.03780000000000001,0.0478,0.005,1,1243705.1999190922,1508900.454193527,2752605.6541126193,1469079.650012823,1203884.3957383882,0.0,155.46334434957424,-20.79931175549885,0.000341739743106113
2025-06-20,249.5624237060547,143.84188842773438,0.0429,0.0379,0.0479,0.005,2,1229770.451777301,1504807.4220365516,2734577.8738138527,1469346.2428378204,1194309.2725785698,0.0,308.5067265026929,-41.913901505375755,-0.007953523771645502
2025-06-23,253.33595275878906,144.161865234375,0.0429,0.0379,0.0479,0.005,3,1232506.0806428688,1527560.985820311,2760067.06646318,1469747.6110502654,1174692.7058728233,0.0,464.0685216962783,-62.70030925152299,-0.0164250308995705
2025-06-24,263.31884765625,147.8916473388672,0.043,0.038,0.047999999999999994,0.005,1,1264393.70304416,1587755.6822494655,2852149.3852936253,1469881.1266878478,1146519.1474825423,0.0,154.73176238556962,-21.216124803059877,-0.023983768903500034
2025-06-25,264.19732666015625,154.30130004882812,0.0436,0.0386,0.0486,0.005,1,1319192.7716258017,1593052.7205838042,2912245.492209606,1470014.2286445224,1196154.2796865196,0.0,155.15411892816172,-22.0521622534648,0.0432920220416407
2025-06-26,269.7079162597656,155.01126098632812,0.044000000000000004,0.03900000000000001,0.049,0.005,1,1325262.5541654842,1626280.3836516093,2951542.9378170935,1481636.0046129622,1180618.1751268373,11486.283508376684,157.61819229355157,-22.125732230330613,-0.022591055791850567
2025-06-27,268.8893127441406,157.74110412597656,0.043899999999999995,0.0389,0.04889999999999999,0.005,1,1348601.2385210723,1621344.3815575254,2969945.6200785977,1481773.9279525778,1209030.784916125,0.0,160.51056716640426,-22.587227550716797,0.024065875308276717
2025-06-30,275.17852783203125,157.98109436035156,0.044500000000000005,0.03950000000000001,0.0495,0.005,3,1350653.0253974504,1659266.9878637907,3009920.013261241,1512582.967770837,1203969.0053044965,30396.254119179444,480.34171497796063,-67.55601589823023,-0.029327651680323263
2025-07-01,264.28717041015625,153.29136657714844,0.0444,0.039400000000000004,0.0494,0.005,1,1310558.3859450512,1593594.4589585797,2904152.844903631,1512725.886360525,1229689.8133469964,0.0,165.9639645193002,-23.045374831441535,0.02136334733633352
2025-07-02,269.4383544921875,157.2411346435547,0.044000000000000004,0.03900000000000001,0.049,0.005,1,1344326.7694982209,1624654.9845128886,2968981.7540111095,1512869.3125483799,1232541.0975337124,0.0,165.55944422945748,-22.133256374424718,0.002318701965136453
2025-07-03,274.7093200683594,159.3310089111328,0.0435,0.0385,0.048499999999999995,0.005,1,1362194.0656682686,1656437.7665621005,3018631.832230369,1513010.6420713433,1218766.9411775116,0.0,163.89417552607452,-22.564652562679008,-0.011175413447683483
2025-07-07,273.7110290527344,158.2310791015625,0.0433,0.0383,0.048299999999999996,0.005,4,1352790.2599088764,1650418.2877184653,3003208.547627342,1513565.8500811982,1215937.822271609,0.0,647.2323302194079,-92.02432036456115,-0.0023212960659806333
2025-07-08,271.3350830078125,159.99098205566406,0.0434,0.038400000000000004,0.0484,0.005,1,1367836.4795783088,1636091.8471042805,3003928.326682589,1513703.95419403,1245448.586668058,0.0,161.02658905030523,-22.922476218312017,0.024269961716724315
2025-07-09,277.4246826171875,162.87081909179688,0.0432,0.038200000000000005,0.0482,0.005,1,1392457.5307316333,1672810.8152619698,3065268.345993603,1513842.6924512677,1233489.407920931,0.0,161.4617551140299,-22.72349787644834,-0.009602306249446548
2025-07-10,274.928955078125,164.09075927734375,0.0431,0.0381,0.0481,0.005,1,1402887.3603836193,1657762.118152882,3060649.4785365015,1513980.094497866,1259105.3367286036,0.0,160.6355301434401,-23.233483545305138,0.02076704399987406
2025-07-11,273.91070556640625,164.91070556640625,0.0431,0.0381,0.0481,0.005,1,1409897.4582720387,1651622.2938958285,3061519.7521678675,1514117.2995840039,1272392.463960214,0.0,160.22956000102417,-23.024473863234473,0.010552832113421876
2025-07-14,275.12860107421875,164.06076049804688,0.0433,0.0383,0.048299999999999996,0.005,3,1402630.8870240722,1658965.9403158515,3061596.827339924,1514529.214231043,1258194.1609392636,0.0,480.7322426179212,-68.81759557899287,-0.011158744980899516
2025-07-15,280.45947265625,170.69036865234375,0.0437,0.038700000000000005,0.0487,0.005,1,1459310.455848783,1691109.9426197119,3150420.398468495,1514667.3021177193,1282867.8153467907,0.0,161.12908029180264,-23.04119361549794,0.019610371096546623
2025-07-16,280.3296813964844,171.36033630371094,0.0434,0.038400000000000004,0.0484,0.005,1,1465038.3173938706,1690327.329403706,3155365.6467975765,1514806.641214605,1289517.6292047696,0.0,162.82673497765487,-23.487638091940443,0.005183553424934353
2025-07-17,285.9600524902344,172.99024963378906,0.0434,0.038400000000000004,0.0484,0.005,1,1478973.1959900665,1724277.2489664142,3203250.4449564805,1526605.2309589398,1281301.1779825923,11660.487137735821,161.57937506289122,-23.47676846394036,-0.015414243209820294
2025-07-18,282.8553771972656,172.40028381347656,0.043,0.038,0.047999999999999994,0.005,1,1473929.306888573,1705556.7286473147,3179486.035535888,1526744.1205551175,1295116.698796376,0.0,162.83789130228692,-23.94829512453353,0.010782414822669685
2025-07-21,287.717041015625,171.37034606933594,0.042800000000000005,0.03780000000000001,0.0478,0.005,3,1465123.8954833227,1734871.509649485,3199995.405132808,1549746.776219285,1279999.1620531231,22590.251556352247,483.46897150912054,-71.0648636936381,-0.029115359515207367
2025-07-22,278.1134948730469,167.0205841064453,0.042800000000000005,0.03780000000000001,0.0478,0.005,1,1427935.7801665864,1676964.2041400478,3104899.9843066344,1549885.404193154,1300856.9802196927,0.0,162.72341150302498,-24.095437634020623,0.016295181110207575
2025-07-23,283.20477294921875,170.77037048339844,0.042800000000000005,0.03780000000000001,0.0478,0.005,1,1459994.4282923772,1707663.5094397084,3167657.9377320856,1550024.8509910926,1302355.769843761,0.0,162.7379674402812,-23.29116950194511,0.0011521555765609992
2025-07-24,288.2161865234375,173.73020935058594,0.043,0.038,0.047999999999999994,0.005,1,1485299.451889296,1737881.2490713024,3223180.7009605984,1550163.8860517044,1297582.0888696979,0.0,162.75260935406476,-23.71754874221817,-0.0036654200676946454
2025-07-25,289.68365478515625,173.49021911621094,0.0436,0.0386,0.0486,0.005,1,1483247.665012918,1746729.765202234,3229977.430215152,1555474.072275377,1291991.9720860608,5170.6950530488975,163.62841019434657,-24.137239570434755,-0.008292971927548375
2025-07-28,293.7966003417969,176.7400360107422,0.0436,0.0386,0.0486,0.005,3,1511031.8441158573,1771529.9370716778,3282561.7811875353,1573523.8054308349,1313025.7124750142,17622.169402425876,500.34415991524634,-72.78040688342642,0.002640551226505791
2025-07-29,296.91131591796875,175.50009155273438,0.0436,0.0386,0.0486,0.005,1,1500430.9887393715,1790310.9981262735,3290741.9868656453,1606177.80413316,1316297.7947462583,32509.886565646622,168.71671913786176,-24.604582459328856,-0.022267503230603225
2025-07-30,302.1023864746094,179.25990295410156,0.0432,0.038200000000000005,0.0482,0.005,1,1532575.3454090192,1821612.0304930252,3354187.3759020446,1630712.635444824,1341675.9503608178,24387.478788750246,172.21795344316664,-24.86543052953158,0.0007526236310380391
2025-07-31,293.1976623535156,177.85997009277344,0.043899999999999995,0.0389,0.04889999999999999,0.005,1,1520606.6755997494,1767918.470582769,3288525.1461825185,1630860.3720073835,1383548.5770243641,0.0,173.03672964997855,-25.300167090180906,0.031209195225035877
2025-08-01,288.1463317871094,173.710205078125,0.0434,0.038400000000000004,0.0484,0.005,1,1485128.4261647963,1737460.0401243386,3222588.4662891347,1631012.0411077118,1378680.4271481694,0.0,176.22352353079782,-24.55442320253846,-0.0035185970026906004
2025-08-04,297.2107849121094,179.98985290527344,0.0433,0.0383,0.048299999999999996,0.005,3,1538816.0232187968,1792116.7313707278,3330932.7545895246,1631461.5707925279,1378160.8626405967,0.0,521.9238531544678,-72.39416833851412,-0.00037685637464761096
2025-08-05,292.428955078125,178.24993896484375,0.0434,0.038400000000000004,0.0484,0.005,1,1523940.6988194594,1763283.3320222308,3287224.0308416905,1631610.2496661516,1392267.6164633802,0.0,173.5693837815384,-24.890510157926776,0.010235926882841905
2025-08-06,301.1540222167969,179.40988159179688,0.0434,0.038400000000000004,0.0484,0.005,1,1533857.581752351,1815893.5991973293,3349751.1809496805,1631759.7980465046,1349723.7806015264,0.0,174.03842663105618,-24.490046278086538,-0.030557225750838822
2025-08-07,303.2404479980469,180.7598114013672,0.0435,0.0385,0.048499999999999995,0.005,1,1545398.7524775737,1828474.2952593751,3373873.047736949,1632625.761876581,1349550.2190947796,717.1301960514393,174.05437845829383,-25.22074443329624,-0.000659906653197805
2025-08-08,304.4483642578125,182.689697265625,0.0435,0.0385,0.048499999999999995,0.005,1,1561898.2342148377,1835757.768972689,3397656.003187527,1632922.9360328622,1359063.4012750108,147.9693775146734,174.6002550895788,-25.39547632304688,0.006939506711353294
2025-08-11,303.38018798828125,182.0497283935547,0.0434,0.038400000000000004,0.0484,0.005,3,1556426.8460292972,1829316.8971676964,3385743.7431969936,1633370.3422344655,1360480.2910960664,0.0,523.8961086438766,-76.48990704052872,0.0010425487285775758
2025-08-12,312.294921875,183.14967346191406,0.0436,0.0386,0.0486,0.005,1,1565830.7822430944,1883070.8137990553,3448901.5960421497,1696801.6699728211,1379561.63841686,63282.50874764449,174.22616983834303,-25.40717912732912,-0.0324893801961955
2025-08-13,308.5613098144531,181.5797576904297,0.0433,0.0383,0.048299999999999996,0.005,1,1552408.850365993,1860557.9408421328,3412966.7912081257,1696957.4510572432,1388808.3605811035,0.0,181.9348457248636,-26.15376130276466,0.006702652427226591
2025-08-14,310.69769287109375,182.00973510742188,0.0434,0.038400000000000004,0.0484,0.005,1,1556084.9250347025,1873439.8684665114,3429524.793501214,1697112.147392441,1379757.203960632,0.0,180.53741770970115,-25.84108251169629,-0.0065172106370992265
2025-08-15,305.8160400390625,180.4398193359375,0.0436,0.0386,0.0486,0.005,1,1542662.9931576012,1844004.5580365297,3386667.551194131,1697267.1526899897,1395925.587811061,0.0,181.0252957218604,-26.019998173145993,0.0117182818861298
2025-08-18,305.2370300292969,181.99972534179688,0.0434,0.038400000000000004,0.0484,0.005,3,1555999.3469452502,1840513.2529466455,3396512.5998918954,1697736.2734341866,1413222.3674327913,0.0,545.9542674486133,-76.83352325152208,0.01239090376504471
2025-08-19,294.40557861328125,175.63009643554688,0.0433,0.0383,0.048299999999999996,0.005,1,1501542.4602670127,1775201.944296083,3276744.4045630954,1697891.8026192843,1424232.318590214,0.0,181.09186916631327,-25.562684068703412,0.007790671454926811
2025-08-20,290.6719970703125,175.39010620117188,0.0431,0.0381,0.0481,0.005,1,1499490.6733906346,1752689.2553535537,3252179.9287441885,1698047.7838590587,1444849.20189614,0.0,180.6368223342183,-24.65558255966782,0.014475786735645514
2025-08-21,289.10467529296875,174.97012329101562,0.0432,0.038200000000000005,0.0482,0.005,1,1495900.0463569728,1743238.6441267435,3239138.6904837163,1698203.1510098595,1450864.5532400887,0.0,179.71005712508372,-24.342906324354914,0.004163307379105478
2025-08-22,293.49713134765625,177.97996520996094,0.0436,0.0386,0.0486,0.005,1,1521632.5690379385,1769724.2038272235,3291356.772865162,1698359.1375852705,1450267.5027959852,0.0,180.19822324604624,-24.211647835093665,-0.0004115135646330349
2025-08-25,293.72674560546875,179.79986572265625,0.0437,0.038700000000000005,0.0487,0.005,3,1537191.7354264655,1771108.728124714,3308300.4635511795,1698831.7045993677,1464914.7119011194,0.0,546.3055225899286,-73.73850849280097,0.010099660288116326
2025-08-26,297.5002746582031,181.75975036621094,0.0438,0.0388,0.048799999999999996,0.005,1,1553947.6905232768,1793862.291908473,3347809.98243175,1698989.730275277,1459075.128890081,0.0,182.62440824443203,-24.59873233506547,-0.00398629555945953
2025-08-27,299.7364501953125,181.5897674560547,0.0436,0.0386,0.0486,0.005,1,1552494.4284554452,1807345.946599943,3359840.3750553885,1699147.9288588192,1444296.4107143213,0.0,183.11333759633544,-24.914754054284348,-0.010128826050925799
2025-08-28,308.1220703125,180.1598358154297,0.0434,0.038400000000000004,0.0484,0.005,1,1540269.2852866282,1857909.4216749636,3398178.7069615917,1699305.0132485996,1381664.8768602642,0.0,182.18641681652898,-25.102027036110325,-0.04336473689848798
2025-08-29,296.88134765625,174.170166015625,0.0434,0.038400000000000004,0.0484,0.005,1,1489060.8437386483,1790130.2959917525,3279191.139730401,1699460.4681524895,1398391.015899385,0.0,181.25920141318397,-25.804297523263383,0.012105785794547979
2025-09-02,297.7298889160156,170.77037048339844,0.043899999999999995,0.0389,0.04889999999999999,0.005,4,1459994.4282923772,1795246.8162059637,3255241.244498341,1700086.1196024574,1364833.7316888708,0.0,725.1031330783956,-99.45168311065292,-0.02399706793663264
2025-09-03,301.872802734375,170.61038208007812,0.043899999999999995,0.0389,0.04889999999999999,0.005,1,1458626.6138595934,1820227.6902099282,3278854.304069522,1700244.889369045,1338643.8130187101,0.0,183.70375014593222,-24.933983558416166,-0.019189090994807697
2025-09-04,305.5764465332031,171.65032958984375,0.0441,0.0391,0.0491,0.005,1,1467517.6033542957,1842559.86103233,3310077.4643866257,1700403.3293350043,1325361.0716569698,0.0,183.72090610126625,-25.28094014180456,-0.009922535952104405
2025-09-05,334.31719970703125,167.01058959960938,0.044199999999999996,0.0392,0.049199999999999994,0.005,1,1427850.3325315388,2015860.3845992833,3443710.717130822,1965495.3389200736,1377485.286852329,264932.91799931414,184.68269493610742,-25.591109181004587,-0.1605665862344221
2025-09-08,345.05877685546875,168.30050659179688,0.044000000000000004,0.03900000000000001,0.049,0.005,3,1438878.4260832623,2080629.7708606767,3519508.1969439387,2049555.6235549902,1407804.2787775756,83502.2170068943,642.0618107138907,-83.99418269163681,-0.0386089242398922
2025-09-09,336.09417724609375,170.7503662109375,0.044000000000000004,0.03900000000000001,0.049,0.005,1,1459823.4025678774,2026575.174710166,3486398.577278043,2049748.7611118355,1482996.988969547,0.0,222.03519255179066,-28.897635706398287,0.05341133801444524
2025-09-10,368.9378967285156,177.32000732421875,0.043899999999999995,0.0389,0.04889999999999999,0.005,1,1515990.285582303,2224615.6974398536,3740605.9830221566,2204868.8050664132,1496243.3932088627,154926.1347162174,222.05611578711554,-28.146877426530082,-0.09553608775385787
2025-09-11,359.014892578125,177.1699981689453,0.0441,0.0391,0.0491,0.005,1,1514707.7883301622,2164782.1292581507,3679489.917588313,2205076.1559498296,1555001.8150218413,0.0,238.2483236585652,-30.89744024222019,0.0392706307541078
2025-09-12,359.25445556640625,177.82000732421875,0.044199999999999996,0.0392,0.049199999999999994,0.005,1,1520265.015513964,2166226.6422479567,3686491.6577619207,2205285.58530275,1559323.9585687574,0.0,239.49577138232874,-30.066418461918758,0.002779510290703661
2025-09-15,363.4672546386719,177.75,0.0451,0.040100000000000004,0.0501,0.005,3,1519666.4907054172,2191628.909213279,3711295.399918696,2205915.7191505223,1533953.3006426604,0.0,720.3932911988983,-90.25944342699819,-0.016270293152799233
2025-09-16,359.3842468261719,174.8800048828125,0.043899999999999995,0.0389,0.04889999999999999,0.005,1,1495129.5826430935,2167009.2554639624,3662138.838107056,2206130.994361055,1534251.3215401862,0.0,245.714500938711,-30.439290405739985,0.00019428290118152255
2025-09-17,345.5779113769531,170.2899932861328,0.0438,0.0388,0.048799999999999996,0.005,1,1455887.4627250999,2083760.039710306,3539647.5024354057,2206339.281720509,1578466.7047353028,0.0,238.384710224014,-30.097350770332813,0.028818865966972237
2025-09-18,344.7593078613281,176.24000549316406,0.0414,0.0364,0.0464,0.005,1,1506756.8532753873,2078824.0376162224,3585580.8908916097,2206548.134953654,1634480.9506128186,0.0,237.79434480765485,-28.94111166264314,0.035486491865477095
2025-09-19,344.3500061035156,176.6699981689453,0.0414,0.0364,0.0464,0.005,1,1510433.0583985012,2076356.0365691804,3586789.094967682,2206742.3689312213,1640819.3907605424,0.0,223.1065336453139,-28.87255607800309,0.00387795290324264
2025-09-22,338.7900085449219,183.61000061035156,0.0414,0.0364,0.0464,0.005,3,1569766.330722658,2042830.4541981274,3612596.7849207856,2207325.23261494,1734261.1091394706,0.0,669.3785185758038,-86.5148348570492,0.05694820460137098
2025-09-23,338.94000244140625,178.42999267578125,0.0412,0.0362,0.0462,0.005,1,1525480.0607943616,2043734.8849427002,3569214.945737062,2207520.0450765966,1689265.2209282583,0.0,223.18510685328837,-28.372645197196213,-0.025945278928349507
2025-09-24,339.30999755859375,176.97000122070312,0.041299999999999996,0.0363,0.046299999999999994,0.005,1,1512997.9224483788,2045965.8754507778,3558963.797899157,2207713.638274394,1674745.6852719951,0.0,221.97840453270223,-28.385206735315283,-0.00859517823274937
2025-09-25,336.1000061035156,177.69000244140625,0.0418,0.0368,0.046799999999999994,0.005,1,1519153.5439863226,2026610.3214593446,3545763.865445667,2207907.833206872,1700451.0557338502,0.0,222.61112519266806,-28.41619271459414,0.015348820234566109
2025-09-26,334.5299987792969,178.19000244140625,0.0416,0.0366,0.046599999999999996,0.005,1,1523428.2739179835,2017143.516965897,3540571.7908838806,2208105.3830864686,1714390.1400385553,0.0,225.69724517225802,-28.147365575824235,0.00819728639510265
2025-09-29,327.8999938964844,181.85000610351562,0.041299999999999996,0.0363,0.046299999999999994,0.005,3,1554719.3283267976,1977166.0219262352,3531885.3502530325,2208694.80758177,1786248.1139823322,0.0,673.4721418413728,-84.04764654024571,0.04191459823850882
2025-09-30,329.9100036621094,186.5800018310547,0.0424,0.0374,0.0474,0.005,1,1595158.2369530755,1989285.945946692,3584444.1828997675,2208890.057002341,1814762.3480087244,0.0,222.71005976449513,-27.460639193419933,0.01596319895494331
2025-10-01,333.3900146484375,187.24000549316406,0.042,0.037000000000000005,0.047,0.005,1,1600800.911771925,2010269.6592927498,3611070.5710646748,2209091.907164569,1799623.1596437444,0.0,229.47913369968765,-27.628971471481833,-0.008342242928718324
2025-10-02,338.17999267578125,188.88999938964844,0.042,0.037000000000000005,0.047,0.005,1,1614907.4683646439,2039152.1904843398,3654059.6588489837,2209291.03230976,1785046.310190064,0.0,227.0455571252474,-27.920411934621526,-0.008099945466675425
2025-10-03,338.3699951171875,187.6199951171875,0.0418,0.0368,0.046799999999999994,0.005,1,1604049.617810992,2040297.8640989298,3644347.481909922,2209489.776774324,1773241.5304863863,0.0,227.06602276516983,-28.321558201171385,-0.006613150390714912
